method_a,method_b,n,mean_diff,p_value,significant_005
erm,dann,15,0.023148608207702637,0.01806640625,True
erm,instance_norm,15,-0.008041969935099284,0.638671875,False
dann,instance_norm,15,-0.03119057814280192,0.02154541015625,True
