method_a,method_b,n,mean_diff,p_value,significant_005
erm,dann,27,0.028954461768821434,0.005940347909927368,True
erm,instance_norm,27,-0.027955172238526522,0.0022483021020889282,True
dann,instance_norm,27,-0.056909634007347956,2.6162927748700923e-05,True
